{"cameraMode":{"drawMode":0,"name":"Shaded","section":"Shading Mode"},"sceneLighting":true,"audioPlay":false,"sceneViewState":{"m_AlwaysRefresh":true,"showFog":true,"showSkybox":true,"showFlares":true,"showImageEffects":true,"showParticleSystems":true,"showVisualEffectGraphs":true,"m_FxEnabled":true},"in2DMode":false,"pivot":{"x":-0.17772912979125977,"y":-14.619722366333008,"z":-14.199056625366211},"rotation":{"x":-0.0034366862382739784,"y":0.9414315223693848,"z":-0.3370598256587982,"w":-0.009602964855730534},"size":20.088964462280275,"orthographic":false}